{"_timestamp":1.7541528147501128e+09,"_step":17,"_wandb":{"runtime":11},"_runtime":11.18108164,"custom/episode_reward":456.132,"custom/episode_length":909,"custom/crash_penalty":-100,"custom/distance":7450.999999999999}