{
  "base_model_results": {
    "dim_768_cosine_accuracy@1": 0.20634920634920634,
    "dim_768_cosine_accuracy@3": 0.4444444444444444,
    "dim_768_cosine_accuracy@5": 0.5291005291005291,
    "dim_768_cosine_accuracy@10": 0.6137566137566137,
    "dim_768_cosine_precision@1": 0.20634920634920634,
    "dim_768_cosine_precision@3": 0.14814814814814814,
    "dim_768_cosine_precision@5": 0.10582010582010581,
    "dim_768_cosine_precision@10": 0.06137566137566136,
    "dim_768_cosine_recall@1": 0.20634920634920634,
    "dim_768_cosine_recall@3": 0.4444444444444444,
    "dim_768_cosine_recall@5": 0.5291005291005291,
    "dim_768_cosine_recall@10": 0.6137566137566137,
    "dim_768_cosine_ndcg@10": 0.407971674894671,
    "dim_768_cosine_mrr@10": 0.34228814982783246,
    "dim_768_cosine_map@100": 0.3546092670169399,
    "dim_512_cosine_accuracy@1": 0.20634920634920634,
    "dim_512_cosine_accuracy@3": 0.43915343915343913,
    "dim_512_cosine_accuracy@5": 0.5185185185185185,
    "dim_512_cosine_accuracy@10": 0.6402116402116402,
    "dim_512_cosine_precision@1": 0.20634920634920634,
    "dim_512_cosine_precision@3": 0.14638447971781304,
    "dim_512_cosine_precision@5": 0.10370370370370367,
    "dim_512_cosine_precision@10": 0.064021164021164,
    "dim_512_cosine_recall@1": 0.20634920634920634,
    "dim_512_cosine_recall@3": 0.43915343915343913,
    "dim_512_cosine_recall@5": 0.5185185185185185,
    "dim_512_cosine_recall@10": 0.6402116402116402,
    "dim_512_cosine_ndcg@10": 0.414788636750751,
    "dim_512_cosine_mrr@10": 0.3440182245737803,
    "dim_512_cosine_map@100": 0.3545028385841111,
    "dim_256_cosine_accuracy@1": 0.1746031746031746,
    "dim_256_cosine_accuracy@3": 0.4074074074074074,
    "dim_256_cosine_accuracy@5": 0.49206349206349204,
    "dim_256_cosine_accuracy@10": 0.6349206349206349,
    "dim_256_cosine_precision@1": 0.1746031746031746,
    "dim_256_cosine_precision@3": 0.13580246913580246,
    "dim_256_cosine_precision@5": 0.0984126984126984,
    "dim_256_cosine_precision@10": 0.06349206349206349,
    "dim_256_cosine_recall@1": 0.1746031746031746,
    "dim_256_cosine_recall@3": 0.4074074074074074,
    "dim_256_cosine_recall@5": 0.49206349206349204,
    "dim_256_cosine_recall@10": 0.6349206349206349,
    "dim_256_cosine_ndcg@10": 0.3920546342161509,
    "dim_256_cosine_mrr@10": 0.3161249685059211,
    "dim_256_cosine_map@100": 0.32604047086629484,
    "dim_128_cosine_accuracy@1": 0.19047619047619047,
    "dim_128_cosine_accuracy@3": 0.37037037037037035,
    "dim_128_cosine_accuracy@5": 0.48677248677248675,
    "dim_128_cosine_accuracy@10": 0.5925925925925926,
    "dim_128_cosine_precision@1": 0.19047619047619047,
    "dim_128_cosine_precision@3": 0.12345679012345678,
    "dim_128_cosine_precision@5": 0.09735449735449735,
    "dim_128_cosine_precision@10": 0.059259259259259255,
    "dim_128_cosine_recall@1": 0.19047619047619047,
    "dim_128_cosine_recall@3": 0.37037037037037035,
    "dim_128_cosine_recall@5": 0.48677248677248675,
    "dim_128_cosine_recall@10": 0.5925925925925926,
    "dim_128_cosine_ndcg@10": 0.37638763073419307,
    "dim_128_cosine_mrr@10": 0.30908499202150014,
    "dim_128_cosine_map@100": 0.3207617477334199,
    "dim_64_cosine_accuracy@1": 0.15343915343915343,
    "dim_64_cosine_accuracy@3": 0.328042328042328,
    "dim_64_cosine_accuracy@5": 0.4603174603174603,
    "dim_64_cosine_accuracy@10": 0.5502645502645502,
    "dim_64_cosine_precision@1": 0.15343915343915343,
    "dim_64_cosine_precision@3": 0.10934744268077601,
    "dim_64_cosine_precision@5": 0.09206349206349206,
    "dim_64_cosine_precision@10": 0.05502645502645502,
    "dim_64_cosine_recall@1": 0.15343915343915343,
    "dim_64_cosine_recall@3": 0.328042328042328,
    "dim_64_cosine_recall@5": 0.4603174603174603,
    "dim_64_cosine_recall@10": 0.5502645502645502,
    "dim_64_cosine_ndcg@10": 0.3374356584043581,
    "dim_64_cosine_mrr@10": 0.27066221550348546,
    "dim_64_cosine_map@100": 0.2833597230926904,
    "sequential_score": 0.3374356584043581
  },
  "fine_tuned_results": {
    "dim_768_cosine_accuracy@1": 0.25925925925925924,
    "dim_768_cosine_accuracy@3": 0.6243386243386243,
    "dim_768_cosine_accuracy@5": 0.7301587301587301,
    "dim_768_cosine_accuracy@10": 0.798941798941799,
    "dim_768_cosine_precision@1": 0.25925925925925924,
    "dim_768_cosine_precision@3": 0.20811287477954143,
    "dim_768_cosine_precision@5": 0.146031746031746,
    "dim_768_cosine_precision@10": 0.07989417989417988,
    "dim_768_cosine_recall@1": 0.25925925925925924,
    "dim_768_cosine_recall@3": 0.6243386243386243,
    "dim_768_cosine_recall@5": 0.7301587301587301,
    "dim_768_cosine_recall@10": 0.798941798941799,
    "dim_768_cosine_ndcg@10": 0.5344995365088132,
    "dim_768_cosine_mrr@10": 0.4483665070966658,
    "dim_768_cosine_map@100": 0.4569215219627324,
    "dim_512_cosine_accuracy@1": 0.25925925925925924,
    "dim_512_cosine_accuracy@3": 0.6084656084656085,
    "dim_512_cosine_accuracy@5": 0.7195767195767195,
    "dim_512_cosine_accuracy@10": 0.798941798941799,
    "dim_512_cosine_precision@1": 0.25925925925925924,
    "dim_512_cosine_precision@3": 0.20282186948853614,
    "dim_512_cosine_precision@5": 0.14391534391534389,
    "dim_512_cosine_precision@10": 0.07989417989417988,
    "dim_512_cosine_recall@1": 0.25925925925925924,
    "dim_512_cosine_recall@3": 0.6084656084656085,
    "dim_512_cosine_recall@5": 0.7195767195767195,
    "dim_512_cosine_recall@10": 0.798941798941799,
    "dim_512_cosine_ndcg@10": 0.5341056116494863,
    "dim_512_cosine_mrr@10": 0.448087259595196,
    "dim_512_cosine_map@100": 0.4572476795394305,
    "dim_256_cosine_accuracy@1": 0.25396825396825395,
    "dim_256_cosine_accuracy@3": 0.6243386243386243,
    "dim_256_cosine_accuracy@5": 0.7301587301587301,
    "dim_256_cosine_accuracy@10": 0.8306878306878307,
    "dim_256_cosine_precision@1": 0.25396825396825395,
    "dim_256_cosine_precision@3": 0.20811287477954143,
    "dim_256_cosine_precision@5": 0.146031746031746,
    "dim_256_cosine_precision@10": 0.08306878306878304,
    "dim_256_cosine_recall@1": 0.25396825396825395,
    "dim_256_cosine_recall@3": 0.6243386243386243,
    "dim_256_cosine_recall@5": 0.7301587301587301,
    "dim_256_cosine_recall@10": 0.8306878306878307,
    "dim_256_cosine_ndcg@10": 0.5433329459866194,
    "dim_256_cosine_mrr@10": 0.45081884605694134,
    "dim_256_cosine_map@100": 0.4577263040078767,
    "dim_128_cosine_accuracy@1": 0.25396825396825395,
    "dim_128_cosine_accuracy@3": 0.5978835978835979,
    "dim_128_cosine_accuracy@5": 0.6984126984126984,
    "dim_128_cosine_accuracy@10": 0.8095238095238095,
    "dim_128_cosine_precision@1": 0.25396825396825395,
    "dim_128_cosine_precision@3": 0.19929453262786592,
    "dim_128_cosine_precision@5": 0.13968253968253966,
    "dim_128_cosine_precision@10": 0.08095238095238094,
    "dim_128_cosine_recall@1": 0.25396825396825395,
    "dim_128_cosine_recall@3": 0.5978835978835979,
    "dim_128_cosine_recall@5": 0.6984126984126984,
    "dim_128_cosine_recall@10": 0.8095238095238095,
    "dim_128_cosine_ndcg@10": 0.5294239896894267,
    "dim_128_cosine_mrr@10": 0.43965944402452356,
    "dim_128_cosine_map@100": 0.4474928526478308,
    "dim_64_cosine_accuracy@1": 0.25925925925925924,
    "dim_64_cosine_accuracy@3": 0.5978835978835979,
    "dim_64_cosine_accuracy@5": 0.6984126984126984,
    "dim_64_cosine_accuracy@10": 0.8095238095238095,
    "dim_64_cosine_precision@1": 0.25925925925925924,
    "dim_64_cosine_precision@3": 0.19929453262786592,
    "dim_64_cosine_precision@5": 0.13968253968253966,
    "dim_64_cosine_precision@10": 0.08095238095238094,
    "dim_64_cosine_recall@1": 0.25925925925925924,
    "dim_64_cosine_recall@3": 0.5978835978835979,
    "dim_64_cosine_recall@5": 0.6984126984126984,
    "dim_64_cosine_recall@10": 0.8095238095238095,
    "dim_64_cosine_ndcg@10": 0.5311739623784691,
    "dim_64_cosine_mrr@10": 0.442223062064332,
    "dim_64_cosine_map@100": 0.44940428295449397,